Model,Accuracy,Precision,Recall,F1 Score
Naive Bayes,0.7946666666666666,0.8660508083140878,0.7961783439490446,0.8296460176991151
SVM,0.8746666666666667,0.9106753812636166,0.8874734607218684,0.8989247311827957
